INSERT INTO tb_group_member (id_member, id_group) VALUES(152,1);
INSERT INTO tb_group_member (id_member, id_group) VALUES(326,2);
INSERT INTO tb_group_member (id_member, id_group) VALUES(258,3);
INSERT INTO tb_group_member (id_member, id_group) VALUES(128,4);
INSERT INTO tb_group_member (id_member, id_group) VALUES(79,5);
INSERT INTO tb_group_member (id_member, id_group) VALUES(49,6);
INSERT INTO tb_group_member (id_member, id_group) VALUES(96,7);
INSERT INTO tb_group_member (id_member, id_group) VALUES(173,8);
INSERT INTO tb_group_member (id_member, id_group) VALUES(226,9);
INSERT INTO tb_group_member (id_member, id_group) VALUES(222,10);
INSERT INTO tb_group_member (id_member, id_group) VALUES(146,11);
INSERT INTO tb_group_member (id_member, id_group) VALUES(215,12);
INSERT INTO tb_group_member (id_member, id_group) VALUES(157,13);
INSERT INTO tb_group_member (id_member, id_group) VALUES(247,14);
INSERT INTO tb_group_member (id_member, id_group) VALUES(340,15);
INSERT INTO tb_group_member (id_member, id_group) VALUES(225,16);
INSERT INTO tb_group_member (id_member, id_group) VALUES(140,17);
INSERT INTO tb_group_member (id_member, id_group) VALUES(31,18);
INSERT INTO tb_group_member (id_member, id_group) VALUES(303,19);
INSERT INTO tb_group_member (id_member, id_group) VALUES(122,20);
INSERT INTO tb_group_member (id_member, id_group) VALUES(16,21);
INSERT INTO tb_group_member (id_member, id_group) VALUES(230,22);
INSERT INTO tb_group_member (id_member, id_group) VALUES(234,23);
INSERT INTO tb_group_member (id_member, id_group) VALUES(293,24);
INSERT INTO tb_group_member (id_member, id_group) VALUES(113,25);
INSERT INTO tb_group_member (id_member, id_group) VALUES(298,26);
INSERT INTO tb_group_member (id_member, id_group) VALUES(235,27);
INSERT INTO tb_group_member (id_member, id_group) VALUES(214,28);
INSERT INTO tb_group_member (id_member, id_group) VALUES(104,29);
INSERT INTO tb_group_member (id_member, id_group) VALUES(33,30);
INSERT INTO tb_group_member (id_member, id_group) VALUES(180,31);
INSERT INTO tb_group_member (id_member, id_group) VALUES(282,32);
INSERT INTO tb_group_member (id_member, id_group) VALUES(311,33);
INSERT INTO tb_group_member (id_member, id_group) VALUES(103,34);
INSERT INTO tb_group_member (id_member, id_group) VALUES(25,35);
INSERT INTO tb_group_member (id_member, id_group) VALUES(250,36);
INSERT INTO tb_group_member (id_member, id_group) VALUES(80,37);
INSERT INTO tb_group_member (id_member, id_group) VALUES(210,38);
INSERT INTO tb_group_member (id_member, id_group) VALUES(194,39);
INSERT INTO tb_group_member (id_member, id_group) VALUES(47,40);
INSERT INTO tb_group_member (id_member, id_group) VALUES(264,41);
INSERT INTO tb_group_member (id_member, id_group) VALUES(112,42);
INSERT INTO tb_group_member (id_member, id_group) VALUES(37,43);
INSERT INTO tb_group_member (id_member, id_group) VALUES(273,44);
INSERT INTO tb_group_member (id_member, id_group) VALUES(121,45);
INSERT INTO tb_group_member (id_member, id_group) VALUES(154,46);
INSERT INTO tb_group_member (id_member, id_group) VALUES(153,47);
INSERT INTO tb_group_member (id_member, id_group) VALUES(164,48);
INSERT INTO tb_group_member (id_member, id_group) VALUES(119,49);
INSERT INTO tb_group_member (id_member, id_group) VALUES(82,50);
INSERT INTO tb_group_member (id_member, id_group) VALUES(292,51);
INSERT INTO tb_group_member (id_member, id_group) VALUES(100,52);
INSERT INTO tb_group_member (id_member, id_group) VALUES(312,53);
INSERT INTO tb_group_member (id_member, id_group) VALUES(59,54);
INSERT INTO tb_group_member (id_member, id_group) VALUES(78,55);
INSERT INTO tb_group_member (id_member, id_group) VALUES(318,56);
INSERT INTO tb_group_member (id_member, id_group) VALUES(15,57);
INSERT INTO tb_group_member (id_member, id_group) VALUES(291,58);
INSERT INTO tb_group_member (id_member, id_group) VALUES(219,59);
INSERT INTO tb_group_member (id_member, id_group) VALUES(278,60);
INSERT INTO tb_group_member (id_member, id_group) VALUES(158,61);
INSERT INTO tb_group_member (id_member, id_group) VALUES(223,62);
INSERT INTO tb_group_member (id_member, id_group) VALUES(52,63);
INSERT INTO tb_group_member (id_member, id_group) VALUES(218,64);
INSERT INTO tb_group_member (id_member, id_group) VALUES(231,65);
INSERT INTO tb_group_member (id_member, id_group) VALUES(286,66);
INSERT INTO tb_group_member (id_member, id_group) VALUES(7,67);
INSERT INTO tb_group_member (id_member, id_group) VALUES(268,68);
INSERT INTO tb_group_member (id_member, id_group) VALUES(296,69);
INSERT INTO tb_group_member (id_member, id_group) VALUES(275,70);
INSERT INTO tb_group_member (id_member, id_group) VALUES(18,71);
INSERT INTO tb_group_member (id_member, id_group) VALUES(169,72);
INSERT INTO tb_group_member (id_member, id_group) VALUES(178,1);
INSERT INTO tb_group_member (id_member, id_group) VALUES(289,2);
INSERT INTO tb_group_member (id_member, id_group) VALUES(73,3);
INSERT INTO tb_group_member (id_member, id_group) VALUES(44,4);
INSERT INTO tb_group_member (id_member, id_group) VALUES(35,5);
INSERT INTO tb_group_member (id_member, id_group) VALUES(212,6);
INSERT INTO tb_group_member (id_member, id_group) VALUES(86,7);
INSERT INTO tb_group_member (id_member, id_group) VALUES(327,8);
INSERT INTO tb_group_member (id_member, id_group) VALUES(350,9);
INSERT INTO tb_group_member (id_member, id_group) VALUES(55,10);
INSERT INTO tb_group_member (id_member, id_group) VALUES(95,11);
INSERT INTO tb_group_member (id_member, id_group) VALUES(295,12);
INSERT INTO tb_group_member (id_member, id_group) VALUES(19,13);
INSERT INTO tb_group_member (id_member, id_group) VALUES(238,14);
INSERT INTO tb_group_member (id_member, id_group) VALUES(299,15);
INSERT INTO tb_group_member (id_member, id_group) VALUES(14,16);
INSERT INTO tb_group_member (id_member, id_group) VALUES(323,17);
INSERT INTO tb_group_member (id_member, id_group) VALUES(127,18);
INSERT INTO tb_group_member (id_member, id_group) VALUES(237,19);
INSERT INTO tb_group_member (id_member, id_group) VALUES(91,20);
INSERT INTO tb_group_member (id_member, id_group) VALUES(106,21);
INSERT INTO tb_group_member (id_member, id_group) VALUES(2,22);
INSERT INTO tb_group_member (id_member, id_group) VALUES(240,23);
INSERT INTO tb_group_member (id_member, id_group) VALUES(21,24);
INSERT INTO tb_group_member (id_member, id_group) VALUES(233,25);
INSERT INTO tb_group_member (id_member, id_group) VALUES(22,26);
INSERT INTO tb_group_member (id_member, id_group) VALUES(199,27);
INSERT INTO tb_group_member (id_member, id_group) VALUES(253,28);
INSERT INTO tb_group_member (id_member, id_group) VALUES(132,29);
INSERT INTO tb_group_member (id_member, id_group) VALUES(9,30);
INSERT INTO tb_group_member (id_member, id_group) VALUES(313,31);
INSERT INTO tb_group_member (id_member, id_group) VALUES(335,32);
INSERT INTO tb_group_member (id_member, id_group) VALUES(137,33);
INSERT INTO tb_group_member (id_member, id_group) VALUES(168,34);
INSERT INTO tb_group_member (id_member, id_group) VALUES(66,35);
INSERT INTO tb_group_member (id_member, id_group) VALUES(11,36);
INSERT INTO tb_group_member (id_member, id_group) VALUES(257,37);
INSERT INTO tb_group_member (id_member, id_group) VALUES(347,38);
INSERT INTO tb_group_member (id_member, id_group) VALUES(202,39);
INSERT INTO tb_group_member (id_member, id_group) VALUES(90,40);
INSERT INTO tb_group_member (id_member, id_group) VALUES(43,41);
INSERT INTO tb_group_member (id_member, id_group) VALUES(81,42);
INSERT INTO tb_group_member (id_member, id_group) VALUES(207,43);
INSERT INTO tb_group_member (id_member, id_group) VALUES(76,44);
INSERT INTO tb_group_member (id_member, id_group) VALUES(196,45);
INSERT INTO tb_group_member (id_member, id_group) VALUES(322,46);
INSERT INTO tb_group_member (id_member, id_group) VALUES(321,47);
INSERT INTO tb_group_member (id_member, id_group) VALUES(307,48);
INSERT INTO tb_group_member (id_member, id_group) VALUES(316,49);
INSERT INTO tb_group_member (id_member, id_group) VALUES(74,50);
INSERT INTO tb_group_member (id_member, id_group) VALUES(174,51);
INSERT INTO tb_group_member (id_member, id_group) VALUES(70,52);
INSERT INTO tb_group_member (id_member, id_group) VALUES(305,53);
INSERT INTO tb_group_member (id_member, id_group) VALUES(203,54);
INSERT INTO tb_group_member (id_member, id_group) VALUES(281,55);
INSERT INTO tb_group_member (id_member, id_group) VALUES(287,56);
INSERT INTO tb_group_member (id_member, id_group) VALUES(297,57);
INSERT INTO tb_group_member (id_member, id_group) VALUES(151,58);
INSERT INTO tb_group_member (id_member, id_group) VALUES(200,59);
INSERT INTO tb_group_member (id_member, id_group) VALUES(334,60);
INSERT INTO tb_group_member (id_member, id_group) VALUES(28,61);
INSERT INTO tb_group_member (id_member, id_group) VALUES(72,62);
INSERT INTO tb_group_member (id_member, id_group) VALUES(243,63);
INSERT INTO tb_group_member (id_member, id_group) VALUES(336,64);
INSERT INTO tb_group_member (id_member, id_group) VALUES(41,65);
INSERT INTO tb_group_member (id_member, id_group) VALUES(13,66);
INSERT INTO tb_group_member (id_member, id_group) VALUES(217,67);
INSERT INTO tb_group_member (id_member, id_group) VALUES(26,68);
INSERT INTO tb_group_member (id_member, id_group) VALUES(4,69);
INSERT INTO tb_group_member (id_member, id_group) VALUES(256,70);
INSERT INTO tb_group_member (id_member, id_group) VALUES(48,71);
INSERT INTO tb_group_member (id_member, id_group) VALUES(186,72);
INSERT INTO tb_group_member (id_member, id_group) VALUES(184,1);
INSERT INTO tb_group_member (id_member, id_group) VALUES(138,2);
INSERT INTO tb_group_member (id_member, id_group) VALUES(270,3);
INSERT INTO tb_group_member (id_member, id_group) VALUES(3,4);
INSERT INTO tb_group_member (id_member, id_group) VALUES(32,5);
INSERT INTO tb_group_member (id_member, id_group) VALUES(339,6);
INSERT INTO tb_group_member (id_member, id_group) VALUES(245,7);
INSERT INTO tb_group_member (id_member, id_group) VALUES(87,8);
INSERT INTO tb_group_member (id_member, id_group) VALUES(330,9);
INSERT INTO tb_group_member (id_member, id_group) VALUES(204,10);
INSERT INTO tb_group_member (id_member, id_group) VALUES(118,11);
INSERT INTO tb_group_member (id_member, id_group) VALUES(315,12);
INSERT INTO tb_group_member (id_member, id_group) VALUES(116,13);
INSERT INTO tb_group_member (id_member, id_group) VALUES(170,14);
INSERT INTO tb_group_member (id_member, id_group) VALUES(179,15);
INSERT INTO tb_group_member (id_member, id_group) VALUES(143,16);
INSERT INTO tb_group_member (id_member, id_group) VALUES(45,17);
INSERT INTO tb_group_member (id_member, id_group) VALUES(197,18);
INSERT INTO tb_group_member (id_member, id_group) VALUES(142,19);
INSERT INTO tb_group_member (id_member, id_group) VALUES(133,20);
INSERT INTO tb_group_member (id_member, id_group) VALUES(171,21);
INSERT INTO tb_group_member (id_member, id_group) VALUES(285,22);
INSERT INTO tb_group_member (id_member, id_group) VALUES(39,23);
INSERT INTO tb_group_member (id_member, id_group) VALUES(302,24);
INSERT INTO tb_group_member (id_member, id_group) VALUES(65,25);
INSERT INTO tb_group_member (id_member, id_group) VALUES(310,26);
INSERT INTO tb_group_member (id_member, id_group) VALUES(277,27);
INSERT INTO tb_group_member (id_member, id_group) VALUES(220,28);
INSERT INTO tb_group_member (id_member, id_group) VALUES(46,29);
INSERT INTO tb_group_member (id_member, id_group) VALUES(266,30);
INSERT INTO tb_group_member (id_member, id_group) VALUES(246,31);
INSERT INTO tb_group_member (id_member, id_group) VALUES(27,32);
INSERT INTO tb_group_member (id_member, id_group) VALUES(117,33);
INSERT INTO tb_group_member (id_member, id_group) VALUES(62,34);
INSERT INTO tb_group_member (id_member, id_group) VALUES(6,35);
INSERT INTO tb_group_member (id_member, id_group) VALUES(288,36);
INSERT INTO tb_group_member (id_member, id_group) VALUES(260,37);
INSERT INTO tb_group_member (id_member, id_group) VALUES(236,38);
INSERT INTO tb_group_member (id_member, id_group) VALUES(108,39);
INSERT INTO tb_group_member (id_member, id_group) VALUES(34,40);
INSERT INTO tb_group_member (id_member, id_group) VALUES(60,41);
INSERT INTO tb_group_member (id_member, id_group) VALUES(155,42);
INSERT INTO tb_group_member (id_member, id_group) VALUES(346,43);
INSERT INTO tb_group_member (id_member, id_group) VALUES(83,44);
INSERT INTO tb_group_member (id_member, id_group) VALUES(308,45);
INSERT INTO tb_group_member (id_member, id_group) VALUES(67,46);
INSERT INTO tb_group_member (id_member, id_group) VALUES(71,47);
INSERT INTO tb_group_member (id_member, id_group) VALUES(98,48);
INSERT INTO tb_group_member (id_member, id_group) VALUES(165,49);
INSERT INTO tb_group_member (id_member, id_group) VALUES(8,50);
INSERT INTO tb_group_member (id_member, id_group) VALUES(58,51);
INSERT INTO tb_group_member (id_member, id_group) VALUES(107,52);
INSERT INTO tb_group_member (id_member, id_group) VALUES(136,53);
INSERT INTO tb_group_member (id_member, id_group) VALUES(261,54);
INSERT INTO tb_group_member (id_member, id_group) VALUES(185,55);
INSERT INTO tb_group_member (id_member, id_group) VALUES(317,56);
INSERT INTO tb_group_member (id_member, id_group) VALUES(57,57);
INSERT INTO tb_group_member (id_member, id_group) VALUES(141,58);
INSERT INTO tb_group_member (id_member, id_group) VALUES(228,59);
INSERT INTO tb_group_member (id_member, id_group) VALUES(255,60);
INSERT INTO tb_group_member (id_member, id_group) VALUES(38,61);
INSERT INTO tb_group_member (id_member, id_group) VALUES(20,62);
INSERT INTO tb_group_member (id_member, id_group) VALUES(269,63);
INSERT INTO tb_group_member (id_member, id_group) VALUES(294,64);
INSERT INTO tb_group_member (id_member, id_group) VALUES(102,65);
INSERT INTO tb_group_member (id_member, id_group) VALUES(56,66);
INSERT INTO tb_group_member (id_member, id_group) VALUES(182,67);
INSERT INTO tb_group_member (id_member, id_group) VALUES(325,68);
INSERT INTO tb_group_member (id_member, id_group) VALUES(147,69);
INSERT INTO tb_group_member (id_member, id_group) VALUES(328,70);
INSERT INTO tb_group_member (id_member, id_group) VALUES(77,71);
INSERT INTO tb_group_member (id_member, id_group) VALUES(320,72);
INSERT INTO tb_group_member (id_member, id_group) VALUES(175,1);
INSERT INTO tb_group_member (id_member, id_group) VALUES(97,2);
INSERT INTO tb_group_member (id_member, id_group) VALUES(23,3);
INSERT INTO tb_group_member (id_member, id_group) VALUES(227,4);
INSERT INTO tb_group_member (id_member, id_group) VALUES(144,5);
INSERT INTO tb_group_member (id_member, id_group) VALUES(284,6);
INSERT INTO tb_group_member (id_member, id_group) VALUES(192,7);
INSERT INTO tb_group_member (id_member, id_group) VALUES(130,8);
INSERT INTO tb_group_member (id_member, id_group) VALUES(188,9);
INSERT INTO tb_group_member (id_member, id_group) VALUES(64,10);
INSERT INTO tb_group_member (id_member, id_group) VALUES(114,11);
INSERT INTO tb_group_member (id_member, id_group) VALUES(166,12);
INSERT INTO tb_group_member (id_member, id_group) VALUES(120,13);
INSERT INTO tb_group_member (id_member, id_group) VALUES(211,14);
INSERT INTO tb_group_member (id_member, id_group) VALUES(213,15);
INSERT INTO tb_group_member (id_member, id_group) VALUES(262,16);
INSERT INTO tb_group_member (id_member, id_group) VALUES(193,17);
INSERT INTO tb_group_member (id_member, id_group) VALUES(88,18);
INSERT INTO tb_group_member (id_member, id_group) VALUES(224,19);
INSERT INTO tb_group_member (id_member, id_group) VALUES(131,20);
INSERT INTO tb_group_member (id_member, id_group) VALUES(85,21);
INSERT INTO tb_group_member (id_member, id_group) VALUES(331,22);
INSERT INTO tb_group_member (id_member, id_group) VALUES(290,23);
INSERT INTO tb_group_member (id_member, id_group) VALUES(63,24);
INSERT INTO tb_group_member (id_member, id_group) VALUES(265,25);
INSERT INTO tb_group_member (id_member, id_group) VALUES(54,26);
INSERT INTO tb_group_member (id_member, id_group) VALUES(177,27);
INSERT INTO tb_group_member (id_member, id_group) VALUES(300,28);
INSERT INTO tb_group_member (id_member, id_group) VALUES(232,29);
INSERT INTO tb_group_member (id_member, id_group) VALUES(191,30);
INSERT INTO tb_group_member (id_member, id_group) VALUES(342,31);
INSERT INTO tb_group_member (id_member, id_group) VALUES(267,32);
INSERT INTO tb_group_member (id_member, id_group) VALUES(332,33);
INSERT INTO tb_group_member (id_member, id_group) VALUES(221,34);
INSERT INTO tb_group_moderator (id_member, id_group) VALUES(152,1);
INSERT INTO tb_group_moderator (id_member, id_group) VALUES(326,2);
INSERT INTO tb_group_moderator (id_member, id_group) VALUES(258,3);
INSERT INTO tb_group_moderator (id_member, id_group) VALUES(128,4);
INSERT INTO tb_group_moderator (id_member, id_group) VALUES(79,5);
INSERT INTO tb_group_moderator (id_member, id_group) VALUES(49,6);
INSERT INTO tb_group_moderator (id_member, id_group) VALUES(96,7);
INSERT INTO tb_group_moderator (id_member, id_group) VALUES(173,8);
INSERT INTO tb_group_moderator (id_member, id_group) VALUES(226,9);
INSERT INTO tb_group_moderator (id_member, id_group) VALUES(222,10);
INSERT INTO tb_group_moderator (id_member, id_group) VALUES(146,11);
INSERT INTO tb_group_moderator (id_member, id_group) VALUES(215,12);
INSERT INTO tb_group_moderator (id_member, id_group) VALUES(157,13);
INSERT INTO tb_group_moderator (id_member, id_group) VALUES(247,14);
INSERT INTO tb_group_moderator (id_member, id_group) VALUES(340,15);
INSERT INTO tb_group_moderator (id_member, id_group) VALUES(225,16);
INSERT INTO tb_group_moderator (id_member, id_group) VALUES(140,17);
INSERT INTO tb_group_moderator (id_member, id_group) VALUES(31,18);
INSERT INTO tb_group_moderator (id_member, id_group) VALUES(303,19);
INSERT INTO tb_group_moderator (id_member, id_group) VALUES(122,20);
INSERT INTO tb_group_moderator (id_member, id_group) VALUES(16,21);
INSERT INTO tb_group_moderator (id_member, id_group) VALUES(230,22);
INSERT INTO tb_group_moderator (id_member, id_group) VALUES(234,23);
INSERT INTO tb_group_moderator (id_member, id_group) VALUES(293,24);
INSERT INTO tb_group_moderator (id_member, id_group) VALUES(113,25);
INSERT INTO tb_group_moderator (id_member, id_group) VALUES(298,26);
INSERT INTO tb_group_moderator (id_member, id_group) VALUES(235,27);
INSERT INTO tb_group_moderator (id_member, id_group) VALUES(214,28);
INSERT INTO tb_group_moderator (id_member, id_group) VALUES(104,29);
INSERT INTO tb_group_moderator (id_member, id_group) VALUES(33,30);
INSERT INTO tb_group_moderator (id_member, id_group) VALUES(180,31);
INSERT INTO tb_group_moderator (id_member, id_group) VALUES(282,32);
INSERT INTO tb_group_moderator (id_member, id_group) VALUES(311,33);
INSERT INTO tb_group_moderator (id_member, id_group) VALUES(103,34);
INSERT INTO tb_group_moderator (id_member, id_group) VALUES(25,35);
INSERT INTO tb_group_moderator (id_member, id_group) VALUES(250,36);
INSERT INTO tb_group_moderator (id_member, id_group) VALUES(80,37);
INSERT INTO tb_group_moderator (id_member, id_group) VALUES(210,38);
INSERT INTO tb_group_moderator (id_member, id_group) VALUES(194,39);
INSERT INTO tb_group_moderator (id_member, id_group) VALUES(47,40);
INSERT INTO tb_group_moderator (id_member, id_group) VALUES(264,41);
INSERT INTO tb_group_moderator (id_member, id_group) VALUES(112,42);
INSERT INTO tb_group_moderator (id_member, id_group) VALUES(37,43);
INSERT INTO tb_group_moderator (id_member, id_group) VALUES(273,44);
INSERT INTO tb_group_moderator (id_member, id_group) VALUES(121,45);
INSERT INTO tb_group_moderator (id_member, id_group) VALUES(154,46);
INSERT INTO tb_group_moderator (id_member, id_group) VALUES(153,47);
INSERT INTO tb_group_moderator (id_member, id_group) VALUES(164,48);
INSERT INTO tb_group_moderator (id_member, id_group) VALUES(119,49);
INSERT INTO tb_group_moderator (id_member, id_group) VALUES(82,50);
INSERT INTO tb_group_moderator (id_member, id_group) VALUES(292,51);
INSERT INTO tb_group_moderator (id_member, id_group) VALUES(100,52);
INSERT INTO tb_group_moderator (id_member, id_group) VALUES(312,53);
INSERT INTO tb_group_moderator (id_member, id_group) VALUES(59,54);
INSERT INTO tb_group_moderator (id_member, id_group) VALUES(78,55);
INSERT INTO tb_group_moderator (id_member, id_group) VALUES(318,56);
INSERT INTO tb_group_moderator (id_member, id_group) VALUES(15,57);
INSERT INTO tb_group_moderator (id_member, id_group) VALUES(291,58);
INSERT INTO tb_group_moderator (id_member, id_group) VALUES(219,59);
INSERT INTO tb_group_moderator (id_member, id_group) VALUES(278,60);
INSERT INTO tb_group_moderator (id_member, id_group) VALUES(158,61);
INSERT INTO tb_group_moderator (id_member, id_group) VALUES(223,62);
INSERT INTO tb_group_moderator (id_member, id_group) VALUES(52,63);
INSERT INTO tb_group_moderator (id_member, id_group) VALUES(218,64);
INSERT INTO tb_group_moderator (id_member, id_group) VALUES(231,65);
INSERT INTO tb_group_moderator (id_member, id_group) VALUES(286,66);
INSERT INTO tb_group_moderator (id_member, id_group) VALUES(7,67);
INSERT INTO tb_group_moderator (id_member, id_group) VALUES(268,68);
INSERT INTO tb_group_moderator (id_member, id_group) VALUES(296,69);
INSERT INTO tb_group_moderator (id_member, id_group) VALUES(275,70);
INSERT INTO tb_group_moderator (id_member, id_group) VALUES(18,71);
INSERT INTO tb_group_moderator (id_member, id_group) VALUES(169,72);
INSERT INTO tb_group_moderator (id_member, id_group) VALUES(178,73);
INSERT INTO tb_group_request (id_member, id_group) VALUES(303,1);
INSERT INTO tb_group_request (id_member, id_group) VALUES(338,2);
INSERT INTO tb_group_request (id_member, id_group) VALUES(91,3);
INSERT INTO tb_group_request (id_member, id_group) VALUES(168,4);
INSERT INTO tb_group_request (id_member, id_group) VALUES(37,5);
INSERT INTO tb_group_request (id_member, id_group) VALUES(246,6);
INSERT INTO tb_group_request (id_member, id_group) VALUES(196,7);
INSERT INTO tb_group_request (id_member, id_group) VALUES(43,8);
INSERT INTO tb_group_request (id_member, id_group) VALUES(176,9);
INSERT INTO tb_group_request (id_member, id_group) VALUES(347,10);
INSERT INTO tb_group_request (id_member, id_group) VALUES(323,11);
INSERT INTO tb_group_request (id_member, id_group) VALUES(143,12);
INSERT INTO tb_group_request (id_member, id_group) VALUES(320,13);
INSERT INTO tb_group_request (id_member, id_group) VALUES(241,14);
INSERT INTO tb_group_request (id_member, id_group) VALUES(304,15);
INSERT INTO tb_group_request (id_member, id_group) VALUES(336,16);
INSERT INTO tb_group_request (id_member, id_group) VALUES(292,17);
INSERT INTO tb_group_request (id_member, id_group) VALUES(29,18);
INSERT INTO tb_group_request (id_member, id_group) VALUES(36,19);
INSERT INTO tb_group_request (id_member, id_group) VALUES(316,20);
INSERT INTO tb_group_request (id_member, id_group) VALUES(114,21);
INSERT INTO tb_group_request (id_member, id_group) VALUES(173,22);
INSERT INTO tb_group_request (id_member, id_group) VALUES(55,23);
INSERT INTO tb_group_request (id_member, id_group) VALUES(112,24);
INSERT INTO tb_group_request (id_member, id_group) VALUES(243,25);
INSERT INTO tb_group_request (id_member, id_group) VALUES(215,26);
INSERT INTO tb_group_request (id_member, id_group) VALUES(105,27);
INSERT INTO tb_group_request (id_member, id_group) VALUES(267,28);
INSERT INTO tb_group_request (id_member, id_group) VALUES(225,29);
INSERT INTO tb_group_request (id_member, id_group) VALUES(146,30);
INSERT INTO tb_group_request (id_member, id_group) VALUES(97,31);
INSERT INTO tb_group_request (id_member, id_group) VALUES(133,32);
INSERT INTO tb_group_request (id_member, id_group) VALUES(28,33);
INSERT INTO tb_group_request (id_member, id_group) VALUES(3,34);
INSERT INTO tb_group_request (id_member, id_group) VALUES(92,35);
INSERT INTO tb_group_request (id_member, id_group) VALUES(218,36);
INSERT INTO tb_group_request (id_member, id_group) VALUES(305,37);
INSERT INTO tb_group_request (id_member, id_group) VALUES(67,38);
INSERT INTO tb_group_request (id_member, id_group) VALUES(24,39);
INSERT INTO tb_group_request (id_member, id_group) VALUES(307,40);
INSERT INTO tb_group_request (id_member, id_group) VALUES(104,41);
INSERT INTO tb_group_request (id_member, id_group) VALUES(266,42);
INSERT INTO tb_group_request (id_member, id_group) VALUES(71,43);
INSERT INTO tb_group_request (id_member, id_group) VALUES(28,44);
INSERT INTO tb_group_request (id_member, id_group) VALUES(218,45);
INSERT INTO tb_group_request (id_member, id_group) VALUES(219,46);
INSERT INTO tb_group_request (id_member, id_group) VALUES(299,47);
INSERT INTO tb_group_request (id_member, id_group) VALUES(49,48);
INSERT INTO tb_group_request (id_member, id_group) VALUES(216,49);
