INSERT INTO tb_group_member (id_member, id_group) VALUES(287,1);
INSERT INTO tb_group_member (id_member, id_group) VALUES(6,2);
INSERT INTO tb_group_member (id_member, id_group) VALUES(222,3);
INSERT INTO tb_group_member (id_member, id_group) VALUES(263,4);
INSERT INTO tb_group_member (id_member, id_group) VALUES(19,5);
INSERT INTO tb_group_member (id_member, id_group) VALUES(275,6);
INSERT INTO tb_group_member (id_member, id_group) VALUES(91,7);
INSERT INTO tb_group_member (id_member, id_group) VALUES(251,8);
INSERT INTO tb_group_member (id_member, id_group) VALUES(96,9);
INSERT INTO tb_group_member (id_member, id_group) VALUES(188,10);
INSERT INTO tb_group_member (id_member, id_group) VALUES(193,11);
INSERT INTO tb_group_member (id_member, id_group) VALUES(178,12);
INSERT INTO tb_group_member (id_member, id_group) VALUES(244,13);
INSERT INTO tb_group_member (id_member, id_group) VALUES(94,14);
INSERT INTO tb_group_member (id_member, id_group) VALUES(136,15);
INSERT INTO tb_group_member (id_member, id_group) VALUES(301,16);
INSERT INTO tb_group_member (id_member, id_group) VALUES(326,17);
INSERT INTO tb_group_member (id_member, id_group) VALUES(213,18);
INSERT INTO tb_group_member (id_member, id_group) VALUES(164,19);
INSERT INTO tb_group_member (id_member, id_group) VALUES(228,20);
INSERT INTO tb_group_member (id_member, id_group) VALUES(75,21);
INSERT INTO tb_group_member (id_member, id_group) VALUES(204,22);
INSERT INTO tb_group_member (id_member, id_group) VALUES(250,23);
INSERT INTO tb_group_member (id_member, id_group) VALUES(112,24);
INSERT INTO tb_group_member (id_member, id_group) VALUES(150,25);
INSERT INTO tb_group_member (id_member, id_group) VALUES(238,26);
INSERT INTO tb_group_member (id_member, id_group) VALUES(186,27);
INSERT INTO tb_group_member (id_member, id_group) VALUES(116,28);
INSERT INTO tb_group_member (id_member, id_group) VALUES(74,29);
INSERT INTO tb_group_member (id_member, id_group) VALUES(33,30);
INSERT INTO tb_group_member (id_member, id_group) VALUES(183,31);
INSERT INTO tb_group_member (id_member, id_group) VALUES(104,32);
INSERT INTO tb_group_member (id_member, id_group) VALUES(235,33);
INSERT INTO tb_group_member (id_member, id_group) VALUES(267,34);
INSERT INTO tb_group_member (id_member, id_group) VALUES(216,35);
INSERT INTO tb_group_member (id_member, id_group) VALUES(169,36);
INSERT INTO tb_group_member (id_member, id_group) VALUES(201,37);
INSERT INTO tb_group_member (id_member, id_group) VALUES(350,38);
INSERT INTO tb_group_member (id_member, id_group) VALUES(274,39);
INSERT INTO tb_group_member (id_member, id_group) VALUES(18,40);
INSERT INTO tb_group_member (id_member, id_group) VALUES(89,41);
INSERT INTO tb_group_member (id_member, id_group) VALUES(185,42);
INSERT INTO tb_group_member (id_member, id_group) VALUES(134,43);
INSERT INTO tb_group_member (id_member, id_group) VALUES(207,44);
INSERT INTO tb_group_member (id_member, id_group) VALUES(26,45);
INSERT INTO tb_group_member (id_member, id_group) VALUES(221,46);
INSERT INTO tb_group_member (id_member, id_group) VALUES(83,47);
INSERT INTO tb_group_member (id_member, id_group) VALUES(192,48);
INSERT INTO tb_group_member (id_member, id_group) VALUES(343,49);
INSERT INTO tb_group_member (id_member, id_group) VALUES(62,50);
INSERT INTO tb_group_member (id_member, id_group) VALUES(128,51);
INSERT INTO tb_group_member (id_member, id_group) VALUES(231,52);
INSERT INTO tb_group_member (id_member, id_group) VALUES(324,53);
INSERT INTO tb_group_member (id_member, id_group) VALUES(328,54);
INSERT INTO tb_group_member (id_member, id_group) VALUES(66,55);
INSERT INTO tb_group_member (id_member, id_group) VALUES(302,56);
INSERT INTO tb_group_member (id_member, id_group) VALUES(330,57);
INSERT INTO tb_group_member (id_member, id_group) VALUES(232,58);
INSERT INTO tb_group_member (id_member, id_group) VALUES(327,59);
INSERT INTO tb_group_member (id_member, id_group) VALUES(162,60);
INSERT INTO tb_group_member (id_member, id_group) VALUES(295,61);
INSERT INTO tb_group_member (id_member, id_group) VALUES(270,62);
INSERT INTO tb_group_member (id_member, id_group) VALUES(181,63);
INSERT INTO tb_group_member (id_member, id_group) VALUES(65,64);
INSERT INTO tb_group_member (id_member, id_group) VALUES(125,65);
INSERT INTO tb_group_member (id_member, id_group) VALUES(199,66);
INSERT INTO tb_group_member (id_member, id_group) VALUES(109,67);
INSERT INTO tb_group_member (id_member, id_group) VALUES(24,68);
INSERT INTO tb_group_member (id_member, id_group) VALUES(87,69);
INSERT INTO tb_group_member (id_member, id_group) VALUES(76,70);
INSERT INTO tb_group_member (id_member, id_group) VALUES(137,71);
INSERT INTO tb_group_member (id_member, id_group) VALUES(131,72);
INSERT INTO tb_group_member (id_member, id_group) VALUES(32,1);
INSERT INTO tb_group_member (id_member, id_group) VALUES(329,2);
INSERT INTO tb_group_member (id_member, id_group) VALUES(42,3);
INSERT INTO tb_group_member (id_member, id_group) VALUES(187,4);
INSERT INTO tb_group_member (id_member, id_group) VALUES(338,5);
INSERT INTO tb_group_member (id_member, id_group) VALUES(4,6);
INSERT INTO tb_group_member (id_member, id_group) VALUES(127,7);
INSERT INTO tb_group_member (id_member, id_group) VALUES(253,8);
INSERT INTO tb_group_member (id_member, id_group) VALUES(166,9);
INSERT INTO tb_group_member (id_member, id_group) VALUES(318,10);
INSERT INTO tb_group_member (id_member, id_group) VALUES(119,11);
INSERT INTO tb_group_member (id_member, id_group) VALUES(149,12);
INSERT INTO tb_group_member (id_member, id_group) VALUES(10,13);
INSERT INTO tb_group_member (id_member, id_group) VALUES(307,14);
INSERT INTO tb_group_member (id_member, id_group) VALUES(121,15);
INSERT INTO tb_group_member (id_member, id_group) VALUES(148,16);
INSERT INTO tb_group_member (id_member, id_group) VALUES(291,17);
INSERT INTO tb_group_member (id_member, id_group) VALUES(36,18);
INSERT INTO tb_group_member (id_member, id_group) VALUES(335,19);
INSERT INTO tb_group_member (id_member, id_group) VALUES(147,20);
INSERT INTO tb_group_member (id_member, id_group) VALUES(218,21);
INSERT INTO tb_group_member (id_member, id_group) VALUES(140,22);
INSERT INTO tb_group_member (id_member, id_group) VALUES(143,23);
INSERT INTO tb_group_member (id_member, id_group) VALUES(84,24);
INSERT INTO tb_group_member (id_member, id_group) VALUES(117,25);
INSERT INTO tb_group_member (id_member, id_group) VALUES(9,26);
INSERT INTO tb_group_member (id_member, id_group) VALUES(78,27);
INSERT INTO tb_group_member (id_member, id_group) VALUES(280,28);
INSERT INTO tb_group_member (id_member, id_group) VALUES(12,29);
INSERT INTO tb_group_member (id_member, id_group) VALUES(184,30);
INSERT INTO tb_group_member (id_member, id_group) VALUES(332,31);
INSERT INTO tb_group_member (id_member, id_group) VALUES(25,32);
INSERT INTO tb_group_member (id_member, id_group) VALUES(138,33);
INSERT INTO tb_group_member (id_member, id_group) VALUES(99,34);
INSERT INTO tb_group_member (id_member, id_group) VALUES(195,35);
INSERT INTO tb_group_member (id_member, id_group) VALUES(17,36);
INSERT INTO tb_group_member (id_member, id_group) VALUES(101,37);
INSERT INTO tb_group_member (id_member, id_group) VALUES(190,38);
INSERT INTO tb_group_member (id_member, id_group) VALUES(339,39);
INSERT INTO tb_group_member (id_member, id_group) VALUES(93,40);
INSERT INTO tb_group_member (id_member, id_group) VALUES(191,41);
INSERT INTO tb_group_member (id_member, id_group) VALUES(289,42);
INSERT INTO tb_group_member (id_member, id_group) VALUES(108,43);
INSERT INTO tb_group_member (id_member, id_group) VALUES(72,44);
INSERT INTO tb_group_member (id_member, id_group) VALUES(212,45);
INSERT INTO tb_group_member (id_member, id_group) VALUES(229,46);
INSERT INTO tb_group_member (id_member, id_group) VALUES(115,47);
INSERT INTO tb_group_member (id_member, id_group) VALUES(236,48);
INSERT INTO tb_group_member (id_member, id_group) VALUES(120,49);
INSERT INTO tb_group_member (id_member, id_group) VALUES(8,50);
INSERT INTO tb_group_member (id_member, id_group) VALUES(341,51);
INSERT INTO tb_group_member (id_member, id_group) VALUES(95,52);
INSERT INTO tb_group_member (id_member, id_group) VALUES(139,53);
INSERT INTO tb_group_member (id_member, id_group) VALUES(73,54);
INSERT INTO tb_group_member (id_member, id_group) VALUES(309,55);
INSERT INTO tb_group_member (id_member, id_group) VALUES(165,56);
INSERT INTO tb_group_member (id_member, id_group) VALUES(189,57);
INSERT INTO tb_group_member (id_member, id_group) VALUES(44,58);
INSERT INTO tb_group_member (id_member, id_group) VALUES(41,59);
INSERT INTO tb_group_member (id_member, id_group) VALUES(334,60);
INSERT INTO tb_group_member (id_member, id_group) VALUES(48,61);
INSERT INTO tb_group_member (id_member, id_group) VALUES(322,62);
INSERT INTO tb_group_member (id_member, id_group) VALUES(7,63);
INSERT INTO tb_group_member (id_member, id_group) VALUES(152,64);
INSERT INTO tb_group_member (id_member, id_group) VALUES(260,65);
INSERT INTO tb_group_member (id_member, id_group) VALUES(168,66);
INSERT INTO tb_group_member (id_member, id_group) VALUES(85,67);
INSERT INTO tb_group_member (id_member, id_group) VALUES(40,68);
INSERT INTO tb_group_member (id_member, id_group) VALUES(54,69);
INSERT INTO tb_group_member (id_member, id_group) VALUES(347,70);
INSERT INTO tb_group_member (id_member, id_group) VALUES(103,71);
INSERT INTO tb_group_member (id_member, id_group) VALUES(202,72);
INSERT INTO tb_group_member (id_member, id_group) VALUES(64,1);
INSERT INTO tb_group_member (id_member, id_group) VALUES(52,2);
INSERT INTO tb_group_member (id_member, id_group) VALUES(194,3);
INSERT INTO tb_group_member (id_member, id_group) VALUES(156,4);
INSERT INTO tb_group_member (id_member, id_group) VALUES(51,5);
INSERT INTO tb_group_member (id_member, id_group) VALUES(320,6);
INSERT INTO tb_group_member (id_member, id_group) VALUES(153,7);
INSERT INTO tb_group_member (id_member, id_group) VALUES(333,8);
INSERT INTO tb_group_member (id_member, id_group) VALUES(28,9);
INSERT INTO tb_group_member (id_member, id_group) VALUES(255,10);
INSERT INTO tb_group_member (id_member, id_group) VALUES(225,11);
INSERT INTO tb_group_member (id_member, id_group) VALUES(167,12);
INSERT INTO tb_group_member (id_member, id_group) VALUES(92,13);
INSERT INTO tb_group_member (id_member, id_group) VALUES(305,14);
INSERT INTO tb_group_member (id_member, id_group) VALUES(277,15);
INSERT INTO tb_group_member (id_member, id_group) VALUES(171,16);
INSERT INTO tb_group_member (id_member, id_group) VALUES(211,17);
INSERT INTO tb_group_member (id_member, id_group) VALUES(172,18);
INSERT INTO tb_group_member (id_member, id_group) VALUES(281,19);
INSERT INTO tb_group_member (id_member, id_group) VALUES(88,20);
INSERT INTO tb_group_member (id_member, id_group) VALUES(70,21);
INSERT INTO tb_group_member (id_member, id_group) VALUES(80,22);
INSERT INTO tb_group_member (id_member, id_group) VALUES(196,23);
INSERT INTO tb_group_member (id_member, id_group) VALUES(161,24);
INSERT INTO tb_group_member (id_member, id_group) VALUES(314,25);
INSERT INTO tb_group_member (id_member, id_group) VALUES(129,26);
INSERT INTO tb_group_member (id_member, id_group) VALUES(57,27);
INSERT INTO tb_group_member (id_member, id_group) VALUES(63,28);
INSERT INTO tb_group_member (id_member, id_group) VALUES(241,29);
INSERT INTO tb_group_member (id_member, id_group) VALUES(249,30);
INSERT INTO tb_group_member (id_member, id_group) VALUES(170,31);
INSERT INTO tb_group_member (id_member, id_group) VALUES(198,32);
INSERT INTO tb_group_member (id_member, id_group) VALUES(71,33);
INSERT INTO tb_group_member (id_member, id_group) VALUES(124,34);
INSERT INTO tb_group_member (id_member, id_group) VALUES(311,35);
INSERT INTO tb_group_member (id_member, id_group) VALUES(294,36);
INSERT INTO tb_group_member (id_member, id_group) VALUES(16,37);
INSERT INTO tb_group_member (id_member, id_group) VALUES(90,38);
INSERT INTO tb_group_member (id_member, id_group) VALUES(257,39);
INSERT INTO tb_group_member (id_member, id_group) VALUES(230,40);
INSERT INTO tb_group_member (id_member, id_group) VALUES(349,41);
INSERT INTO tb_group_member (id_member, id_group) VALUES(254,42);
INSERT INTO tb_group_member (id_member, id_group) VALUES(273,43);
INSERT INTO tb_group_member (id_member, id_group) VALUES(224,44);
INSERT INTO tb_group_member (id_member, id_group) VALUES(69,45);
INSERT INTO tb_group_member (id_member, id_group) VALUES(215,46);
INSERT INTO tb_group_member (id_member, id_group) VALUES(34,47);
INSERT INTO tb_group_member (id_member, id_group) VALUES(98,48);
INSERT INTO tb_group_member (id_member, id_group) VALUES(209,49);
INSERT INTO tb_group_member (id_member, id_group) VALUES(344,50);
INSERT INTO tb_group_member (id_member, id_group) VALUES(308,51);
INSERT INTO tb_group_member (id_member, id_group) VALUES(130,52);
INSERT INTO tb_group_member (id_member, id_group) VALUES(3,53);
INSERT INTO tb_group_member (id_member, id_group) VALUES(160,54);
INSERT INTO tb_group_member (id_member, id_group) VALUES(146,55);
INSERT INTO tb_group_member (id_member, id_group) VALUES(313,56);
INSERT INTO tb_group_member (id_member, id_group) VALUES(346,57);
INSERT INTO tb_group_member (id_member, id_group) VALUES(56,58);
INSERT INTO tb_group_member (id_member, id_group) VALUES(285,59);
INSERT INTO tb_group_member (id_member, id_group) VALUES(31,60);
INSERT INTO tb_group_member (id_member, id_group) VALUES(177,61);
INSERT INTO tb_group_member (id_member, id_group) VALUES(282,62);
INSERT INTO tb_group_member (id_member, id_group) VALUES(106,63);
INSERT INTO tb_group_member (id_member, id_group) VALUES(154,64);
INSERT INTO tb_group_member (id_member, id_group) VALUES(39,65);
INSERT INTO tb_group_member (id_member, id_group) VALUES(100,66);
INSERT INTO tb_group_member (id_member, id_group) VALUES(342,67);
INSERT INTO tb_group_member (id_member, id_group) VALUES(300,68);
INSERT INTO tb_group_member (id_member, id_group) VALUES(29,69);
INSERT INTO tb_group_member (id_member, id_group) VALUES(200,70);
INSERT INTO tb_group_member (id_member, id_group) VALUES(256,71);
INSERT INTO tb_group_member (id_member, id_group) VALUES(144,72);
INSERT INTO tb_group_member (id_member, id_group) VALUES(14,1);
INSERT INTO tb_group_member (id_member, id_group) VALUES(286,2);
INSERT INTO tb_group_member (id_member, id_group) VALUES(297,3);
INSERT INTO tb_group_member (id_member, id_group) VALUES(46,4);
INSERT INTO tb_group_member (id_member, id_group) VALUES(261,5);
INSERT INTO tb_group_member (id_member, id_group) VALUES(174,6);
INSERT INTO tb_group_member (id_member, id_group) VALUES(303,7);
INSERT INTO tb_group_member (id_member, id_group) VALUES(179,8);
INSERT INTO tb_group_member (id_member, id_group) VALUES(79,9);
INSERT INTO tb_group_member (id_member, id_group) VALUES(110,10);
INSERT INTO tb_group_member (id_member, id_group) VALUES(268,11);
INSERT INTO tb_group_member (id_member, id_group) VALUES(45,12);
INSERT INTO tb_group_member (id_member, id_group) VALUES(68,13);
INSERT INTO tb_group_member (id_member, id_group) VALUES(142,14);
INSERT INTO tb_group_member (id_member, id_group) VALUES(49,15);
INSERT INTO tb_group_member (id_member, id_group) VALUES(345,16);
INSERT INTO tb_group_member (id_member, id_group) VALUES(296,17);
INSERT INTO tb_group_member (id_member, id_group) VALUES(205,18);
INSERT INTO tb_group_member (id_member, id_group) VALUES(283,19);
INSERT INTO tb_group_member (id_member, id_group) VALUES(220,20);
INSERT INTO tb_group_member (id_member, id_group) VALUES(321,21);
INSERT INTO tb_group_member (id_member, id_group) VALUES(122,22);
INSERT INTO tb_group_member (id_member, id_group) VALUES(97,23);
INSERT INTO tb_group_member (id_member, id_group) VALUES(217,24);
INSERT INTO tb_group_member (id_member, id_group) VALUES(252,25);
INSERT INTO tb_group_member (id_member, id_group) VALUES(299,26);
INSERT INTO tb_group_member (id_member, id_group) VALUES(272,27);
INSERT INTO tb_group_member (id_member, id_group) VALUES(312,28);
INSERT INTO tb_group_member (id_member, id_group) VALUES(278,29);
INSERT INTO tb_group_member (id_member, id_group) VALUES(81,30);
INSERT INTO tb_group_member (id_member, id_group) VALUES(284,31);
INSERT INTO tb_group_member (id_member, id_group) VALUES(319,32);
INSERT INTO tb_group_member (id_member, id_group) VALUES(292,33);
INSERT INTO tb_group_member (id_member, id_group) VALUES(325,34);
INSERT INTO tb_group_moderator (id_member, id_group) VALUES(287,1);
INSERT INTO tb_group_moderator (id_member, id_group) VALUES(6,2);
INSERT INTO tb_group_moderator (id_member, id_group) VALUES(222,3);
INSERT INTO tb_group_moderator (id_member, id_group) VALUES(263,4);
INSERT INTO tb_group_moderator (id_member, id_group) VALUES(19,5);
INSERT INTO tb_group_moderator (id_member, id_group) VALUES(275,6);
INSERT INTO tb_group_moderator (id_member, id_group) VALUES(91,7);
INSERT INTO tb_group_moderator (id_member, id_group) VALUES(251,8);
INSERT INTO tb_group_moderator (id_member, id_group) VALUES(96,9);
INSERT INTO tb_group_moderator (id_member, id_group) VALUES(188,10);
INSERT INTO tb_group_moderator (id_member, id_group) VALUES(193,11);
INSERT INTO tb_group_moderator (id_member, id_group) VALUES(178,12);
INSERT INTO tb_group_moderator (id_member, id_group) VALUES(244,13);
INSERT INTO tb_group_moderator (id_member, id_group) VALUES(94,14);
INSERT INTO tb_group_moderator (id_member, id_group) VALUES(136,15);
INSERT INTO tb_group_moderator (id_member, id_group) VALUES(301,16);
INSERT INTO tb_group_moderator (id_member, id_group) VALUES(326,17);
INSERT INTO tb_group_moderator (id_member, id_group) VALUES(213,18);
INSERT INTO tb_group_moderator (id_member, id_group) VALUES(164,19);
INSERT INTO tb_group_moderator (id_member, id_group) VALUES(228,20);
INSERT INTO tb_group_moderator (id_member, id_group) VALUES(75,21);
INSERT INTO tb_group_moderator (id_member, id_group) VALUES(204,22);
INSERT INTO tb_group_moderator (id_member, id_group) VALUES(250,23);
INSERT INTO tb_group_moderator (id_member, id_group) VALUES(112,24);
INSERT INTO tb_group_moderator (id_member, id_group) VALUES(150,25);
INSERT INTO tb_group_moderator (id_member, id_group) VALUES(238,26);
INSERT INTO tb_group_moderator (id_member, id_group) VALUES(186,27);
INSERT INTO tb_group_moderator (id_member, id_group) VALUES(116,28);
INSERT INTO tb_group_moderator (id_member, id_group) VALUES(74,29);
INSERT INTO tb_group_moderator (id_member, id_group) VALUES(33,30);
INSERT INTO tb_group_moderator (id_member, id_group) VALUES(183,31);
INSERT INTO tb_group_moderator (id_member, id_group) VALUES(104,32);
INSERT INTO tb_group_moderator (id_member, id_group) VALUES(235,33);
INSERT INTO tb_group_moderator (id_member, id_group) VALUES(267,34);
INSERT INTO tb_group_moderator (id_member, id_group) VALUES(216,35);
INSERT INTO tb_group_moderator (id_member, id_group) VALUES(169,36);
INSERT INTO tb_group_moderator (id_member, id_group) VALUES(201,37);
INSERT INTO tb_group_moderator (id_member, id_group) VALUES(350,38);
INSERT INTO tb_group_moderator (id_member, id_group) VALUES(274,39);
INSERT INTO tb_group_moderator (id_member, id_group) VALUES(18,40);
INSERT INTO tb_group_moderator (id_member, id_group) VALUES(89,41);
INSERT INTO tb_group_moderator (id_member, id_group) VALUES(185,42);
INSERT INTO tb_group_moderator (id_member, id_group) VALUES(134,43);
INSERT INTO tb_group_moderator (id_member, id_group) VALUES(207,44);
INSERT INTO tb_group_moderator (id_member, id_group) VALUES(26,45);
INSERT INTO tb_group_moderator (id_member, id_group) VALUES(221,46);
INSERT INTO tb_group_moderator (id_member, id_group) VALUES(83,47);
INSERT INTO tb_group_moderator (id_member, id_group) VALUES(192,48);
INSERT INTO tb_group_moderator (id_member, id_group) VALUES(343,49);
INSERT INTO tb_group_moderator (id_member, id_group) VALUES(62,50);
INSERT INTO tb_group_moderator (id_member, id_group) VALUES(128,51);
INSERT INTO tb_group_moderator (id_member, id_group) VALUES(231,52);
INSERT INTO tb_group_moderator (id_member, id_group) VALUES(324,53);
INSERT INTO tb_group_moderator (id_member, id_group) VALUES(328,54);
INSERT INTO tb_group_moderator (id_member, id_group) VALUES(66,55);
INSERT INTO tb_group_moderator (id_member, id_group) VALUES(302,56);
INSERT INTO tb_group_moderator (id_member, id_group) VALUES(330,57);
INSERT INTO tb_group_moderator (id_member, id_group) VALUES(232,58);
INSERT INTO tb_group_moderator (id_member, id_group) VALUES(327,59);
INSERT INTO tb_group_moderator (id_member, id_group) VALUES(162,60);
INSERT INTO tb_group_moderator (id_member, id_group) VALUES(295,61);
INSERT INTO tb_group_moderator (id_member, id_group) VALUES(270,62);
INSERT INTO tb_group_moderator (id_member, id_group) VALUES(181,63);
INSERT INTO tb_group_moderator (id_member, id_group) VALUES(65,64);
INSERT INTO tb_group_moderator (id_member, id_group) VALUES(125,65);
INSERT INTO tb_group_moderator (id_member, id_group) VALUES(199,66);
INSERT INTO tb_group_moderator (id_member, id_group) VALUES(109,67);
INSERT INTO tb_group_moderator (id_member, id_group) VALUES(24,68);
INSERT INTO tb_group_moderator (id_member, id_group) VALUES(87,69);
INSERT INTO tb_group_moderator (id_member, id_group) VALUES(76,70);
INSERT INTO tb_group_moderator (id_member, id_group) VALUES(137,71);
INSERT INTO tb_group_moderator (id_member, id_group) VALUES(131,72);
INSERT INTO tb_group_moderator (id_member, id_group) VALUES(32,73);
INSERT INTO tb_group_request (id_member, id_group) VALUES(277,1);
INSERT INTO tb_group_request (id_member, id_group) VALUES(118,2);
INSERT INTO tb_group_request (id_member, id_group) VALUES(29,3);
INSERT INTO tb_group_request (id_member, id_group) VALUES(267,4);
INSERT INTO tb_group_request (id_member, id_group) VALUES(15,5);
INSERT INTO tb_group_request (id_member, id_group) VALUES(263,6);
INSERT INTO tb_group_request (id_member, id_group) VALUES(318,7);
INSERT INTO tb_group_request (id_member, id_group) VALUES(154,8);
INSERT INTO tb_group_request (id_member, id_group) VALUES(297,9);
INSERT INTO tb_group_request (id_member, id_group) VALUES(14,10);
INSERT INTO tb_group_request (id_member, id_group) VALUES(318,11);
INSERT INTO tb_group_request (id_member, id_group) VALUES(195,12);
INSERT INTO tb_group_request (id_member, id_group) VALUES(85,13);
INSERT INTO tb_group_request (id_member, id_group) VALUES(55,14);
INSERT INTO tb_group_request (id_member, id_group) VALUES(108,15);
INSERT INTO tb_group_request (id_member, id_group) VALUES(29,16);
INSERT INTO tb_group_request (id_member, id_group) VALUES(275,17);
INSERT INTO tb_group_request (id_member, id_group) VALUES(347,18);
INSERT INTO tb_group_request (id_member, id_group) VALUES(152,19);
INSERT INTO tb_group_request (id_member, id_group) VALUES(299,20);
INSERT INTO tb_group_request (id_member, id_group) VALUES(214,21);
INSERT INTO tb_group_request (id_member, id_group) VALUES(111,22);
INSERT INTO tb_group_request (id_member, id_group) VALUES(266,23);
INSERT INTO tb_group_request (id_member, id_group) VALUES(228,24);
INSERT INTO tb_group_request (id_member, id_group) VALUES(322,25);
INSERT INTO tb_group_request (id_member, id_group) VALUES(163,26);
INSERT INTO tb_group_request (id_member, id_group) VALUES(202,27);
INSERT INTO tb_group_request (id_member, id_group) VALUES(19,28);
INSERT INTO tb_group_request (id_member, id_group) VALUES(59,29);
INSERT INTO tb_group_request (id_member, id_group) VALUES(73,30);
INSERT INTO tb_group_request (id_member, id_group) VALUES(307,31);
INSERT INTO tb_group_request (id_member, id_group) VALUES(155,32);
INSERT INTO tb_group_request (id_member, id_group) VALUES(168,33);
INSERT INTO tb_group_request (id_member, id_group) VALUES(255,34);
INSERT INTO tb_group_request (id_member, id_group) VALUES(175,35);
INSERT INTO tb_group_request (id_member, id_group) VALUES(108,36);
INSERT INTO tb_group_request (id_member, id_group) VALUES(70,37);
INSERT INTO tb_group_request (id_member, id_group) VALUES(134,38);
INSERT INTO tb_group_request (id_member, id_group) VALUES(193,39);
INSERT INTO tb_group_request (id_member, id_group) VALUES(34,40);
INSERT INTO tb_group_request (id_member, id_group) VALUES(13,41);
INSERT INTO tb_group_request (id_member, id_group) VALUES(59,42);
INSERT INTO tb_group_request (id_member, id_group) VALUES(286,43);
INSERT INTO tb_group_request (id_member, id_group) VALUES(231,44);
INSERT INTO tb_group_request (id_member, id_group) VALUES(291,45);
INSERT INTO tb_group_request (id_member, id_group) VALUES(13,46);
INSERT INTO tb_group_request (id_member, id_group) VALUES(26,47);
INSERT INTO tb_group_request (id_member, id_group) VALUES(322,48);
INSERT INTO tb_group_request (id_member, id_group) VALUES(169,49);
